id,loss
3001,1026.4278666666664
3002,1026.4278666666664
3003,1026.4278666666664
3004,1026.4278666666664
3005,1026.4278666666664
3006,1026.4278666666664
3007,1026.4278666666664
3008,1026.4278666666664
3009,1026.4278666666664
3010,1026.4278666666664
3011,1026.4278666666664
3012,1026.4278666666664
3013,1026.4278666666664
3014,1026.4278666666664
3015,1026.4278666666664
3016,1026.4278666666664
3017,1026.4278666666664
3018,1026.4278666666664
3019,1026.4278666666664
3020,1026.4278666666664
3021,1026.4278666666664
3022,1026.4278666666664
3023,1026.4278666666664
3024,1026.4278666666664
3025,1026.4278666666664
3026,1026.4278666666664
3027,1026.4278666666664
3028,1026.4278666666664
3029,1026.4278666666664
3030,1026.4278666666664
3031,1026.4278666666664
3032,1026.4278666666664
3033,1026.4278666666664
3034,1026.4278666666664
3035,1026.4278666666664
3036,1026.4278666666664
3037,1026.4278666666664
3038,1026.4278666666664
3039,1026.4278666666664
3040,1026.4278666666664
3041,1026.4278666666664
3042,1026.4278666666664
3043,1026.4278666666664
3044,1026.4278666666664
3045,1026.4278666666664
3046,1026.4278666666664
3047,1026.4278666666664
3048,1026.4278666666664
3049,1026.4278666666664
3050,1026.4278666666664
3051,1026.4278666666664
3052,1026.4278666666664
3053,1026.4278666666664
3054,1026.4278666666664
3055,1026.4278666666664
3056,1026.4278666666664
3057,1026.4278666666664
3058,1026.4278666666664
3059,1026.4278666666664
3060,1026.4278666666664
3061,1026.4278666666664
3062,1026.4278666666664
3063,1026.4278666666664
3064,1026.4278666666664
3065,1026.4278666666664
3066,1026.4278666666664
3067,1026.4278666666664
3068,1026.4278666666664
3069,1026.4278666666664
3070,1026.4278666666664
3071,1026.4278666666664
3072,1026.4278666666664
3073,1026.4278666666664
3074,1026.4278666666664
3075,1026.4278666666664
3076,1026.4278666666664
3077,1026.4278666666664
3078,1026.4278666666664
3079,1026.4278666666664
3080,1026.4278666666664
3081,1026.4278666666664
3082,1026.4278666666664
3083,1026.4278666666664
3084,1026.4278666666664
3085,1026.4278666666664
3086,1026.4278666666664
3087,1026.4278666666664
3088,1026.4278666666664
3089,1026.4278666666664
3090,1026.4278666666664
3091,1026.4278666666664
3092,1026.4278666666664
3093,1026.4278666666664
3094,1026.4278666666664
3095,1026.4278666666664
3096,1026.4278666666664
3097,1026.4278666666664
3098,1026.4278666666664
3099,1026.4278666666664
3100,1026.4278666666664
3101,1026.4278666666664
3102,1026.4278666666664
3103,1026.4278666666664
3104,1026.4278666666664
3105,1026.4278666666664
3106,1026.4278666666664
3107,1026.4278666666664
3108,1026.4278666666664
3109,1026.4278666666664
3110,1026.4278666666664
3111,1026.4278666666664
3112,1026.4278666666664
3113,1026.4278666666664
3114,1026.4278666666664
3115,1026.4278666666664
3116,1026.4278666666664
3117,1026.4278666666664
3118,1026.4278666666664
3119,1026.4278666666664
3120,1026.4278666666664
3121,1026.4278666666664
3122,1026.4278666666664
3123,1026.4278666666664
3124,1026.4278666666664
3125,1026.4278666666664
3126,1026.4278666666664
3127,1026.4278666666664
3128,1026.4278666666664
3129,1026.4278666666664
3130,1026.4278666666664
3131,1026.4278666666664
3132,1026.4278666666664
3133,1026.4278666666664
3134,1026.4278666666664
3135,1026.4278666666664
3136,1026.4278666666664
3137,1026.4278666666664
3138,1026.4278666666664
3139,1026.4278666666664
3140,1026.4278666666664
3141,1026.4278666666664
3142,1026.4278666666664
3143,1026.4278666666664
3144,1026.4278666666664
3145,1026.4278666666664
3146,1026.4278666666664
3147,1026.4278666666664
3148,1026.4278666666664
3149,1026.4278666666664
3150,1026.4278666666664
3151,1026.4278666666664
3152,1026.4278666666664
3153,1026.4278666666664
3154,1026.4278666666664
3155,1026.4278666666664
3156,1026.4278666666664
3157,1026.4278666666664
3158,1026.4278666666664
3159,1026.4278666666664
3160,1026.4278666666664
3161,1026.4278666666664
3162,1026.4278666666664
3163,1026.4278666666664
3164,1026.4278666666664
3165,1026.4278666666664
3166,1026.4278666666664
3167,1026.4278666666664
3168,1026.4278666666664
3169,1026.4278666666664
3170,1026.4278666666664
3171,1026.4278666666664
3172,1026.4278666666664
3173,1026.4278666666664
3174,1026.4278666666664
3175,1026.4278666666664
3176,1026.4278666666664
3177,1026.4278666666664
3178,1026.4278666666664
3179,1026.4278666666664
3180,1026.4278666666664
3181,1026.4278666666664
3182,1026.4278666666664
3183,1026.4278666666664
3184,1026.4278666666664
3185,1026.4278666666664
3186,1026.4278666666664
3187,1026.4278666666664
3188,1026.4278666666664
3189,1026.4278666666664
3190,1026.4278666666664
3191,1026.4278666666664
3192,1026.4278666666664
3193,1026.4278666666664
3194,1026.4278666666664
3195,1026.4278666666664
3196,1026.4278666666664
3197,1026.4278666666664
3198,1026.4278666666664
3199,1026.4278666666664
3200,1026.4278666666664
3201,1026.4278666666664
3202,1026.4278666666664
3203,1026.4278666666664
3204,1026.4278666666664
3205,1026.4278666666664
3206,1026.4278666666664
3207,1026.4278666666664
3208,1026.4278666666664
3209,1026.4278666666664
3210,1026.4278666666664
3211,1026.4278666666664
3212,1026.4278666666664
3213,1026.4278666666664
3214,1026.4278666666664
3215,1026.4278666666664
3216,1026.4278666666664
3217,1026.4278666666664
3218,1026.4278666666664
3219,1026.4278666666664
3220,1026.4278666666664
3221,1026.4278666666664
3222,1026.4278666666664
3223,1026.4278666666664
3224,1026.4278666666664
3225,1026.4278666666664
3226,1026.4278666666664
3227,1026.4278666666664
3228,1026.4278666666664
3229,1026.4278666666664
3230,1026.4278666666664
3231,1026.4278666666664
3232,1026.4278666666664
3233,1026.4278666666664
3234,1026.4278666666664
3235,1026.4278666666664
3236,1026.4278666666664
3237,1026.4278666666664
3238,1026.4278666666664
3239,1026.4278666666664
3240,1026.4278666666664
3241,1026.4278666666664
3242,1026.4278666666664
3243,1026.4278666666664
3244,1026.4278666666664
3245,1026.4278666666664
3246,1026.4278666666664
3247,1026.4278666666664
3248,1026.4278666666664
3249,1026.4278666666664
3250,1026.4278666666664
3251,1026.4278666666664
3252,1026.4278666666664
3253,1026.4278666666664
3254,1026.4278666666664
3255,1026.4278666666664
3256,1026.4278666666664
3257,1026.4278666666664
3258,1026.4278666666664
3259,1026.4278666666664
3260,1026.4278666666664
3261,1026.4278666666664
3262,1026.4278666666664
3263,1026.4278666666664
3264,1026.4278666666664
3265,1026.4278666666664
3266,1026.4278666666664
3267,1026.4278666666664
3268,1026.4278666666664
3269,1026.4278666666664
3270,1026.4278666666664
3271,1026.4278666666664
3272,1026.4278666666664
3273,1026.4278666666664
3274,1026.4278666666664
3275,1026.4278666666664
3276,1026.4278666666664
3277,1026.4278666666664
3278,1026.4278666666664
3279,1026.4278666666664
3280,1026.4278666666664
3281,1026.4278666666664
3282,1026.4278666666664
3283,1026.4278666666664
3284,1026.4278666666664
3285,1026.4278666666664
3286,1026.4278666666664
3287,1026.4278666666664
3288,1026.4278666666664
3289,1026.4278666666664
3290,1026.4278666666664
3291,1026.4278666666664
3292,1026.4278666666664
3293,1026.4278666666664
3294,1026.4278666666664
3295,1026.4278666666664
3296,1026.4278666666664
3297,1026.4278666666664
3298,1026.4278666666664
3299,1026.4278666666664
3300,1026.4278666666664
3301,1026.4278666666664
3302,1026.4278666666664
3303,1026.4278666666664
3304,1026.4278666666664
3305,1026.4278666666664
3306,1026.4278666666664
3307,1026.4278666666664
3308,1026.4278666666664
3309,1026.4278666666664
3310,1026.4278666666664
3311,1026.4278666666664
3312,1026.4278666666664
3313,1026.4278666666664
3314,1026.4278666666664
3315,1026.4278666666664
3316,1026.4278666666664
3317,1026.4278666666664
3318,1026.4278666666664
3319,1026.4278666666664
3320,1026.4278666666664
3321,1026.4278666666664
3322,1026.4278666666664
3323,1026.4278666666664
3324,1026.4278666666664
3325,1026.4278666666664
3326,1026.4278666666664
3327,1026.4278666666664
3328,1026.4278666666664
3329,1026.4278666666664
3330,1026.4278666666664
3331,1026.4278666666664
3332,1026.4278666666664
3333,1026.4278666666664
3334,1026.4278666666664
3335,1026.4278666666664
3336,1026.4278666666664
3337,1026.4278666666664
3338,1026.4278666666664
3339,1026.4278666666664
3340,1026.4278666666664
3341,1026.4278666666664
3342,1026.4278666666664
3343,1026.4278666666664
3344,1026.4278666666664
3345,1026.4278666666664
3346,1026.4278666666664
3347,1026.4278666666664
3348,1026.4278666666664
3349,1026.4278666666664
3350,1026.4278666666664
3351,1026.4278666666664
3352,1026.4278666666664
3353,1026.4278666666664
3354,1026.4278666666664
3355,1026.4278666666664
3356,1026.4278666666664
3357,1026.4278666666664
3358,1026.4278666666664
3359,1026.4278666666664
3360,1026.4278666666664
3361,1026.4278666666664
3362,1026.4278666666664
3363,1026.4278666666664
3364,1026.4278666666664
3365,1026.4278666666664
3366,1026.4278666666664
3367,1026.4278666666664
3368,1026.4278666666664
3369,1026.4278666666664
3370,1026.4278666666664
3371,1026.4278666666664
3372,1026.4278666666664
3373,1026.4278666666664
3374,1026.4278666666664
3375,1026.4278666666664
3376,1026.4278666666664
3377,1026.4278666666664
3378,1026.4278666666664
3379,1026.4278666666664
3380,1026.4278666666664
3381,1026.4278666666664
3382,1026.4278666666664
3383,1026.4278666666664
3384,1026.4278666666664
3385,1026.4278666666664
3386,1026.4278666666664
3387,1026.4278666666664
3388,1026.4278666666664
3389,1026.4278666666664
3390,1026.4278666666664
3391,1026.4278666666664
3392,1026.4278666666664
3393,1026.4278666666664
3394,1026.4278666666664
3395,1026.4278666666664
3396,1026.4278666666664
3397,1026.4278666666664
3398,1026.4278666666664
3399,1026.4278666666664
3400,1026.4278666666664
3401,1026.4278666666664
3402,1026.4278666666664
3403,1026.4278666666664
3404,1026.4278666666664
3405,1026.4278666666664
3406,1026.4278666666664
3407,1026.4278666666664
3408,1026.4278666666664
3409,1026.4278666666664
3410,1026.4278666666664
3411,1026.4278666666664
3412,1026.4278666666664
3413,1026.4278666666664
3414,1026.4278666666664
3415,1026.4278666666664
3416,1026.4278666666664
3417,1026.4278666666664
3418,1026.4278666666664
3419,1026.4278666666664
3420,1026.4278666666664
3421,1026.4278666666664
3422,1026.4278666666664
3423,1026.4278666666664
3424,1026.4278666666664
3425,1026.4278666666664
3426,1026.4278666666664
3427,1026.4278666666664
3428,1026.4278666666664
3429,1026.4278666666664
3430,1026.4278666666664
3431,1026.4278666666664
3432,1026.4278666666664
3433,1026.4278666666664
3434,1026.4278666666664
3435,1026.4278666666664
3436,1026.4278666666664
3437,1026.4278666666664
3438,1026.4278666666664
3439,1026.4278666666664
3440,1026.4278666666664
3441,1026.4278666666664
3442,1026.4278666666664
3443,1026.4278666666664
3444,1026.4278666666664
3445,1026.4278666666664
3446,1026.4278666666664
3447,1026.4278666666664
3448,1026.4278666666664
3449,1026.4278666666664
3450,1026.4278666666664
3451,1026.4278666666664
3452,1026.4278666666664
3453,1026.4278666666664
3454,1026.4278666666664
3455,1026.4278666666664
3456,1026.4278666666664
3457,1026.4278666666664
3458,1026.4278666666664
3459,1026.4278666666664
3460,1026.4278666666664
3461,1026.4278666666664
3462,1026.4278666666664
3463,1026.4278666666664
3464,1026.4278666666664
3465,1026.4278666666664
3466,1026.4278666666664
3467,1026.4278666666664
3468,1026.4278666666664
3469,1026.4278666666664
3470,1026.4278666666664
3471,1026.4278666666664
3472,1026.4278666666664
3473,1026.4278666666664
3474,1026.4278666666664
3475,1026.4278666666664
3476,1026.4278666666664
3477,1026.4278666666664
3478,1026.4278666666664
3479,1026.4278666666664
3480,1026.4278666666664
3481,1026.4278666666664
3482,1026.4278666666664
3483,1026.4278666666664
3484,1026.4278666666664
3485,1026.4278666666664
3486,1026.4278666666664
3487,1026.4278666666664
3488,1026.4278666666664
3489,1026.4278666666664
3490,1026.4278666666664
3491,1026.4278666666664
3492,1026.4278666666664
3493,1026.4278666666664
3494,1026.4278666666664
3495,1026.4278666666664
3496,1026.4278666666664
3497,1026.4278666666664
3498,1026.4278666666664
3499,1026.4278666666664
3500,1026.4278666666664
3501,1026.4278666666664
3502,1026.4278666666664
3503,1026.4278666666664
3504,1026.4278666666664
3505,1026.4278666666664
3506,1026.4278666666664
3507,1026.4278666666664
3508,1026.4278666666664
3509,1026.4278666666664
3510,1026.4278666666664
3511,1026.4278666666664
3512,1026.4278666666664
3513,1026.4278666666664
3514,1026.4278666666664
3515,1026.4278666666664
3516,1026.4278666666664
3517,1026.4278666666664
3518,1026.4278666666664
3519,1026.4278666666664
3520,1026.4278666666664
3521,1026.4278666666664
3522,1026.4278666666664
3523,1026.4278666666664
3524,1026.4278666666664
3525,1026.4278666666664
3526,1026.4278666666664
3527,1026.4278666666664
3528,1026.4278666666664
3529,1026.4278666666664
3530,1026.4278666666664
3531,1026.4278666666664
3532,1026.4278666666664
3533,1026.4278666666664
3534,1026.4278666666664
3535,1026.4278666666664
3536,1026.4278666666664
3537,1026.4278666666664
3538,1026.4278666666664
3539,1026.4278666666664
3540,1026.4278666666664
3541,1026.4278666666664
3542,1026.4278666666664
3543,1026.4278666666664
3544,1026.4278666666664
3545,1026.4278666666664
3546,1026.4278666666664
3547,1026.4278666666664
3548,1026.4278666666664
3549,1026.4278666666664
3550,1026.4278666666664
3551,1026.4278666666664
3552,1026.4278666666664
3553,1026.4278666666664
3554,1026.4278666666664
3555,1026.4278666666664
3556,1026.4278666666664
3557,1026.4278666666664
3558,1026.4278666666664
3559,1026.4278666666664
3560,1026.4278666666664
3561,1026.4278666666664
3562,1026.4278666666664
3563,1026.4278666666664
3564,1026.4278666666664
3565,1026.4278666666664
3566,1026.4278666666664
3567,1026.4278666666664
3568,1026.4278666666664
3569,1026.4278666666664
3570,1026.4278666666664
3571,1026.4278666666664
3572,1026.4278666666664
3573,1026.4278666666664
3574,1026.4278666666664
3575,1026.4278666666664
3576,1026.4278666666664
3577,1026.4278666666664
3578,1026.4278666666664
3579,1026.4278666666664
3580,1026.4278666666664
3581,1026.4278666666664
3582,1026.4278666666664
3583,1026.4278666666664
3584,1026.4278666666664
3585,1026.4278666666664
3586,1026.4278666666664
3587,1026.4278666666664
3588,1026.4278666666664
3589,1026.4278666666664
3590,1026.4278666666664
3591,1026.4278666666664
3592,1026.4278666666664
3593,1026.4278666666664
3594,1026.4278666666664
3595,1026.4278666666664
3596,1026.4278666666664
3597,1026.4278666666664
3598,1026.4278666666664
3599,1026.4278666666664
3600,1026.4278666666664
3601,1026.4278666666664
3602,1026.4278666666664
3603,1026.4278666666664
3604,1026.4278666666664
3605,1026.4278666666664
3606,1026.4278666666664
3607,1026.4278666666664
3608,1026.4278666666664
3609,1026.4278666666664
3610,1026.4278666666664
3611,1026.4278666666664
3612,1026.4278666666664
3613,1026.4278666666664
3614,1026.4278666666664
3615,1026.4278666666664
3616,1026.4278666666664
3617,1026.4278666666664
3618,1026.4278666666664
3619,1026.4278666666664
3620,1026.4278666666664
3621,1026.4278666666664
3622,1026.4278666666664
3623,1026.4278666666664
3624,1026.4278666666664
3625,1026.4278666666664
3626,1026.4278666666664
3627,1026.4278666666664
3628,1026.4278666666664
3629,1026.4278666666664
3630,1026.4278666666664
3631,1026.4278666666664
3632,1026.4278666666664
3633,1026.4278666666664
3634,1026.4278666666664
3635,1026.4278666666664
3636,1026.4278666666664
3637,1026.4278666666664
3638,1026.4278666666664
3639,1026.4278666666664
3640,1026.4278666666664
3641,1026.4278666666664
3642,1026.4278666666664
3643,1026.4278666666664
3644,1026.4278666666664
3645,1026.4278666666664
3646,1026.4278666666664
3647,1026.4278666666664
3648,1026.4278666666664
3649,1026.4278666666664
3650,1026.4278666666664
3651,1026.4278666666664
3652,1026.4278666666664
3653,1026.4278666666664
3654,1026.4278666666664
3655,1026.4278666666664
3656,1026.4278666666664
3657,1026.4278666666664
3658,1026.4278666666664
3659,1026.4278666666664
3660,1026.4278666666664
3661,1026.4278666666664
3662,1026.4278666666664
3663,1026.4278666666664
3664,1026.4278666666664
3665,1026.4278666666664
3666,1026.4278666666664
3667,1026.4278666666664
3668,1026.4278666666664
3669,1026.4278666666664
3670,1026.4278666666664
3671,1026.4278666666664
3672,1026.4278666666664
3673,1026.4278666666664
3674,1026.4278666666664
3675,1026.4278666666664
3676,1026.4278666666664
3677,1026.4278666666664
3678,1026.4278666666664
3679,1026.4278666666664
3680,1026.4278666666664
3681,1026.4278666666664
3682,1026.4278666666664
3683,1026.4278666666664
3684,1026.4278666666664
3685,1026.4278666666664
3686,1026.4278666666664
3687,1026.4278666666664
3688,1026.4278666666664
3689,1026.4278666666664
3690,1026.4278666666664
3691,1026.4278666666664
3692,1026.4278666666664
3693,1026.4278666666664
3694,1026.4278666666664
3695,1026.4278666666664
3696,1026.4278666666664
3697,1026.4278666666664
3698,1026.4278666666664
3699,1026.4278666666664
3700,1026.4278666666664
3701,1026.4278666666664
3702,1026.4278666666664
3703,1026.4278666666664
3704,1026.4278666666664
3705,1026.4278666666664
3706,1026.4278666666664
3707,1026.4278666666664
3708,1026.4278666666664
3709,1026.4278666666664
3710,1026.4278666666664
3711,1026.4278666666664
3712,1026.4278666666664
3713,1026.4278666666664
3714,1026.4278666666664
3715,1026.4278666666664
3716,1026.4278666666664
3717,1026.4278666666664
3718,1026.4278666666664
3719,1026.4278666666664
3720,1026.4278666666664
3721,1026.4278666666664
3722,1026.4278666666664
3723,1026.4278666666664
3724,1026.4278666666664
3725,1026.4278666666664
3726,1026.4278666666664
3727,1026.4278666666664
3728,1026.4278666666664
3729,1026.4278666666664
3730,1026.4278666666664
3731,1026.4278666666664
3732,1026.4278666666664
3733,1026.4278666666664
3734,1026.4278666666664
3735,1026.4278666666664
3736,1026.4278666666664
3737,1026.4278666666664
3738,1026.4278666666664
3739,1026.4278666666664
3740,1026.4278666666664
3741,1026.4278666666664
3742,1026.4278666666664
3743,1026.4278666666664
3744,1026.4278666666664
3745,1026.4278666666664
3746,1026.4278666666664
3747,1026.4278666666664
3748,1026.4278666666664
3749,1026.4278666666664
3750,1026.4278666666664
3751,1026.4278666666664
3752,1026.4278666666664
3753,1026.4278666666664
3754,1026.4278666666664
3755,1026.4278666666664
3756,1026.4278666666664
3757,1026.4278666666664
3758,1026.4278666666664
3759,1026.4278666666664
3760,1026.4278666666664
3761,1026.4278666666664
3762,1026.4278666666664
3763,1026.4278666666664
3764,1026.4278666666664
3765,1026.4278666666664
3766,1026.4278666666664
3767,1026.4278666666664
3768,1026.4278666666664
3769,1026.4278666666664
3770,1026.4278666666664
3771,1026.4278666666664
3772,1026.4278666666664
3773,1026.4278666666664
3774,1026.4278666666664
3775,1026.4278666666664
3776,1026.4278666666664
3777,1026.4278666666664
3778,1026.4278666666664
3779,1026.4278666666664
3780,1026.4278666666664
3781,1026.4278666666664
3782,1026.4278666666664
3783,1026.4278666666664
3784,1026.4278666666664
3785,1026.4278666666664
3786,1026.4278666666664
3787,1026.4278666666664
3788,1026.4278666666664
3789,1026.4278666666664
3790,1026.4278666666664
3791,1026.4278666666664
3792,1026.4278666666664
3793,1026.4278666666664
3794,1026.4278666666664
3795,1026.4278666666664
3796,1026.4278666666664
3797,1026.4278666666664
3798,1026.4278666666664
3799,1026.4278666666664
3800,1026.4278666666664
3801,1026.4278666666664
3802,1026.4278666666664
3803,1026.4278666666664
3804,1026.4278666666664
3805,1026.4278666666664
3806,1026.4278666666664
3807,1026.4278666666664
3808,1026.4278666666664
3809,1026.4278666666664
3810,1026.4278666666664
3811,1026.4278666666664
3812,1026.4278666666664
3813,1026.4278666666664
3814,1026.4278666666664
3815,1026.4278666666664
3816,1026.4278666666664
3817,1026.4278666666664
3818,1026.4278666666664
3819,1026.4278666666664
3820,1026.4278666666664
3821,1026.4278666666664
3822,1026.4278666666664
3823,1026.4278666666664
3824,1026.4278666666664
3825,1026.4278666666664
3826,1026.4278666666664
3827,1026.4278666666664
3828,1026.4278666666664
3829,1026.4278666666664
3830,1026.4278666666664
3831,1026.4278666666664
3832,1026.4278666666664
3833,1026.4278666666664
3834,1026.4278666666664
3835,1026.4278666666664
3836,1026.4278666666664
3837,1026.4278666666664
3838,1026.4278666666664
3839,1026.4278666666664
3840,1026.4278666666664
3841,1026.4278666666664
3842,1026.4278666666664
3843,1026.4278666666664
3844,1026.4278666666664
3845,1026.4278666666664
3846,1026.4278666666664
3847,1026.4278666666664
3848,1026.4278666666664
3849,1026.4278666666664
3850,1026.4278666666664
3851,1026.4278666666664
3852,1026.4278666666664
3853,1026.4278666666664
3854,1026.4278666666664
3855,1026.4278666666664
3856,1026.4278666666664
3857,1026.4278666666664
3858,1026.4278666666664
3859,1026.4278666666664
3860,1026.4278666666664
3861,1026.4278666666664
3862,1026.4278666666664
3863,1026.4278666666664
3864,1026.4278666666664
3865,1026.4278666666664
3866,1026.4278666666664
3867,1026.4278666666664
3868,1026.4278666666664
3869,1026.4278666666664
3870,1026.4278666666664
3871,1026.4278666666664
3872,1026.4278666666664
3873,1026.4278666666664
3874,1026.4278666666664
3875,1026.4278666666664
3876,1026.4278666666664
3877,1026.4278666666664
3878,1026.4278666666664
3879,1026.4278666666664
3880,1026.4278666666664
3881,1026.4278666666664
3882,1026.4278666666664
3883,1026.4278666666664
3884,1026.4278666666664
3885,1026.4278666666664
3886,1026.4278666666664
3887,1026.4278666666664
3888,1026.4278666666664
3889,1026.4278666666664
3890,1026.4278666666664
3891,1026.4278666666664
3892,1026.4278666666664
3893,1026.4278666666664
3894,1026.4278666666664
3895,1026.4278666666664
3896,1026.4278666666664
3897,1026.4278666666664
3898,1026.4278666666664
3899,1026.4278666666664
3900,1026.4278666666664
3901,1026.4278666666664
3902,1026.4278666666664
3903,1026.4278666666664
3904,1026.4278666666664
3905,1026.4278666666664
3906,1026.4278666666664
3907,1026.4278666666664
3908,1026.4278666666664
3909,1026.4278666666664
3910,1026.4278666666664
3911,1026.4278666666664
3912,1026.4278666666664
3913,1026.4278666666664
3914,1026.4278666666664
3915,1026.4278666666664
3916,1026.4278666666664
3917,1026.4278666666664
3918,1026.4278666666664
3919,1026.4278666666664
3920,1026.4278666666664
3921,1026.4278666666664
3922,1026.4278666666664
3923,1026.4278666666664
3924,1026.4278666666664
3925,1026.4278666666664
3926,1026.4278666666664
3927,1026.4278666666664
3928,1026.4278666666664
3929,1026.4278666666664
3930,1026.4278666666664
3931,1026.4278666666664
3932,1026.4278666666664
3933,1026.4278666666664
3934,1026.4278666666664
3935,1026.4278666666664
3936,1026.4278666666664
3937,1026.4278666666664
3938,1026.4278666666664
3939,1026.4278666666664
3940,1026.4278666666664
3941,1026.4278666666664
3942,1026.4278666666664
3943,1026.4278666666664
3944,1026.4278666666664
3945,1026.4278666666664
3946,1026.4278666666664
3947,1026.4278666666664
3948,1026.4278666666664
3949,1026.4278666666664
3950,1026.4278666666664
3951,1026.4278666666664
3952,1026.4278666666664
3953,1026.4278666666664
3954,1026.4278666666664
3955,1026.4278666666664
3956,1026.4278666666664
3957,1026.4278666666664
3958,1026.4278666666664
3959,1026.4278666666664
3960,1026.4278666666664
3961,1026.4278666666664
3962,1026.4278666666664
3963,1026.4278666666664
3964,1026.4278666666664
3965,1026.4278666666664
3966,1026.4278666666664
3967,1026.4278666666664
3968,1026.4278666666664
3969,1026.4278666666664
3970,1026.4278666666664
3971,1026.4278666666664
3972,1026.4278666666664
3973,1026.4278666666664
3974,1026.4278666666664
3975,1026.4278666666664
3976,1026.4278666666664
3977,1026.4278666666664
3978,1026.4278666666664
3979,1026.4278666666664
3980,1026.4278666666664
3981,1026.4278666666664
3982,1026.4278666666664
3983,1026.4278666666664
3984,1026.4278666666664
3985,1026.4278666666664
3986,1026.4278666666664
3987,1026.4278666666664
3988,1026.4278666666664
3989,1026.4278666666664
3990,1026.4278666666664
3991,1026.4278666666664
3992,1026.4278666666664
3993,1026.4278666666664
3994,1026.4278666666664
3995,1026.4278666666664
3996,1026.4278666666664
3997,1026.4278666666664
3998,1026.4278666666664
3999,1026.4278666666664
4000,1026.4278666666664
4001,1026.4278666666664
4002,1026.4278666666664
4003,1026.4278666666664
4004,1026.4278666666664
4005,1026.4278666666664
4006,1026.4278666666664
4007,1026.4278666666664
4008,1026.4278666666664
4009,1026.4278666666664
4010,1026.4278666666664
4011,1026.4278666666664
4012,1026.4278666666664
4013,1026.4278666666664
4014,1026.4278666666664
4015,1026.4278666666664
4016,1026.4278666666664
4017,1026.4278666666664
4018,1026.4278666666664
4019,1026.4278666666664
4020,1026.4278666666664
4021,1026.4278666666664
4022,1026.4278666666664
4023,1026.4278666666664
4024,1026.4278666666664
4025,1026.4278666666664
4026,1026.4278666666664
4027,1026.4278666666664
4028,1026.4278666666664
4029,1026.4278666666664
4030,1026.4278666666664
4031,1026.4278666666664
4032,1026.4278666666664
4033,1026.4278666666664
4034,1026.4278666666664
4035,1026.4278666666664
4036,1026.4278666666664
4037,1026.4278666666664
4038,1026.4278666666664
4039,1026.4278666666664
4040,1026.4278666666664
4041,1026.4278666666664
4042,1026.4278666666664
4043,1026.4278666666664
4044,1026.4278666666664
4045,1026.4278666666664
4046,1026.4278666666664
4047,1026.4278666666664
4048,1026.4278666666664
4049,1026.4278666666664
4050,1026.4278666666664
4051,1026.4278666666664
4052,1026.4278666666664
4053,1026.4278666666664
4054,1026.4278666666664
4055,1026.4278666666664
4056,1026.4278666666664
4057,1026.4278666666664
4058,1026.4278666666664
4059,1026.4278666666664
4060,1026.4278666666664
4061,1026.4278666666664
4062,1026.4278666666664
4063,1026.4278666666664
4064,1026.4278666666664
4065,1026.4278666666664
4066,1026.4278666666664
4067,1026.4278666666664
4068,1026.4278666666664
4069,1026.4278666666664
4070,1026.4278666666664
4071,1026.4278666666664
4072,1026.4278666666664
4073,1026.4278666666664
4074,1026.4278666666664
4075,1026.4278666666664
4076,1026.4278666666664
4077,1026.4278666666664
4078,1026.4278666666664
4079,1026.4278666666664
4080,1026.4278666666664
4081,1026.4278666666664
4082,1026.4278666666664
4083,1026.4278666666664
4084,1026.4278666666664
4085,1026.4278666666664
4086,1026.4278666666664
4087,1026.4278666666664
4088,1026.4278666666664
4089,1026.4278666666664
4090,1026.4278666666664
4091,1026.4278666666664
4092,1026.4278666666664
4093,1026.4278666666664
4094,1026.4278666666664
4095,1026.4278666666664
4096,1026.4278666666664
4097,1026.4278666666664
4098,1026.4278666666664
4099,1026.4278666666664
4100,1026.4278666666664
4101,1026.4278666666664
4102,1026.4278666666664
4103,1026.4278666666664
4104,1026.4278666666664
4105,1026.4278666666664
4106,1026.4278666666664
4107,1026.4278666666664
4108,1026.4278666666664
4109,1026.4278666666664
4110,1026.4278666666664
4111,1026.4278666666664
4112,1026.4278666666664
4113,1026.4278666666664
4114,1026.4278666666664
4115,1026.4278666666664
4116,1026.4278666666664
4117,1026.4278666666664
4118,1026.4278666666664
4119,1026.4278666666664
4120,1026.4278666666664
4121,1026.4278666666664
4122,1026.4278666666664
4123,1026.4278666666664
4124,1026.4278666666664
4125,1026.4278666666664
4126,1026.4278666666664
4127,1026.4278666666664
4128,1026.4278666666664
4129,1026.4278666666664
4130,1026.4278666666664
4131,1026.4278666666664
4132,1026.4278666666664
4133,1026.4278666666664
4134,1026.4278666666664
4135,1026.4278666666664
4136,1026.4278666666664
4137,1026.4278666666664
4138,1026.4278666666664
4139,1026.4278666666664
4140,1026.4278666666664
4141,1026.4278666666664
4142,1026.4278666666664
4143,1026.4278666666664
4144,1026.4278666666664
4145,1026.4278666666664
4146,1026.4278666666664
4147,1026.4278666666664
4148,1026.4278666666664
4149,1026.4278666666664
4150,1026.4278666666664
4151,1026.4278666666664
4152,1026.4278666666664
4153,1026.4278666666664
4154,1026.4278666666664
4155,1026.4278666666664
4156,1026.4278666666664
4157,1026.4278666666664
4158,1026.4278666666664
4159,1026.4278666666664
4160,1026.4278666666664
4161,1026.4278666666664
4162,1026.4278666666664
4163,1026.4278666666664
4164,1026.4278666666664
4165,1026.4278666666664
4166,1026.4278666666664
4167,1026.4278666666664
4168,1026.4278666666664
4169,1026.4278666666664
4170,1026.4278666666664
4171,1026.4278666666664
4172,1026.4278666666664
4173,1026.4278666666664
4174,1026.4278666666664
4175,1026.4278666666664
4176,1026.4278666666664
4177,1026.4278666666664
4178,1026.4278666666664
4179,1026.4278666666664
4180,1026.4278666666664
4181,1026.4278666666664
4182,1026.4278666666664
4183,1026.4278666666664
4184,1026.4278666666664
4185,1026.4278666666664
4186,1026.4278666666664
4187,1026.4278666666664
4188,1026.4278666666664
4189,1026.4278666666664
4190,1026.4278666666664
4191,1026.4278666666664
4192,1026.4278666666664
4193,1026.4278666666664
4194,1026.4278666666664
4195,1026.4278666666664
4196,1026.4278666666664
4197,1026.4278666666664
4198,1026.4278666666664
4199,1026.4278666666664
4200,1026.4278666666664
4201,1026.4278666666664
4202,1026.4278666666664
4203,1026.4278666666664
4204,1026.4278666666664
4205,1026.4278666666664
4206,1026.4278666666664
4207,1026.4278666666664
4208,1026.4278666666664
4209,1026.4278666666664
4210,1026.4278666666664
4211,1026.4278666666664
4212,1026.4278666666664
4213,1026.4278666666664
4214,1026.4278666666664
4215,1026.4278666666664
4216,1026.4278666666664
4217,1026.4278666666664
4218,1026.4278666666664
4219,1026.4278666666664
4220,1026.4278666666664
4221,1026.4278666666664
4222,1026.4278666666664
4223,1026.4278666666664
4224,1026.4278666666664
4225,1026.4278666666664
4226,1026.4278666666664
4227,1026.4278666666664
4228,1026.4278666666664
4229,1026.4278666666664
4230,1026.4278666666664
4231,1026.4278666666664
4232,1026.4278666666664
4233,1026.4278666666664
4234,1026.4278666666664
4235,1026.4278666666664
4236,1026.4278666666664
4237,1026.4278666666664
4238,1026.4278666666664
4239,1026.4278666666664
4240,1026.4278666666664
4241,1026.4278666666664
4242,1026.4278666666664
4243,1026.4278666666664
4244,1026.4278666666664
4245,1026.4278666666664
4246,1026.4278666666664
4247,1026.4278666666664
4248,1026.4278666666664
4249,1026.4278666666664
4250,1026.4278666666664
4251,1026.4278666666664
4252,1026.4278666666664
4253,1026.4278666666664
4254,1026.4278666666664
4255,1026.4278666666664
4256,1026.4278666666664
4257,1026.4278666666664
4258,1026.4278666666664
4259,1026.4278666666664
4260,1026.4278666666664
4261,1026.4278666666664
4262,1026.4278666666664
4263,1026.4278666666664
4264,1026.4278666666664
4265,1026.4278666666664
4266,1026.4278666666664
4267,1026.4278666666664
4268,1026.4278666666664
4269,1026.4278666666664
4270,1026.4278666666664
4271,1026.4278666666664
4272,1026.4278666666664
4273,1026.4278666666664
4274,1026.4278666666664
4275,1026.4278666666664
4276,1026.4278666666664
4277,1026.4278666666664
4278,1026.4278666666664
4279,1026.4278666666664
4280,1026.4278666666664
4281,1026.4278666666664
4282,1026.4278666666664
4283,1026.4278666666664
4284,1026.4278666666664
4285,1026.4278666666664
4286,1026.4278666666664
4287,1026.4278666666664
4288,1026.4278666666664
4289,1026.4278666666664
4290,1026.4278666666664
4291,1026.4278666666664
4292,1026.4278666666664
4293,1026.4278666666664
4294,1026.4278666666664
4295,1026.4278666666664
4296,1026.4278666666664
4297,1026.4278666666664
4298,1026.4278666666664
4299,1026.4278666666664
4300,1026.4278666666664
4301,1026.4278666666664
4302,1026.4278666666664
4303,1026.4278666666664
4304,1026.4278666666664
4305,1026.4278666666664
4306,1026.4278666666664
4307,1026.4278666666664
4308,1026.4278666666664
4309,1026.4278666666664
4310,1026.4278666666664
4311,1026.4278666666664
4312,1026.4278666666664
4313,1026.4278666666664
4314,1026.4278666666664
4315,1026.4278666666664
4316,1026.4278666666664
4317,1026.4278666666664
4318,1026.4278666666664
4319,1026.4278666666664
4320,1026.4278666666664
4321,1026.4278666666664
4322,1026.4278666666664
4323,1026.4278666666664
4324,1026.4278666666664
4325,1026.4278666666664
4326,1026.4278666666664
4327,1026.4278666666664
4328,1026.4278666666664
4329,1026.4278666666664
4330,1026.4278666666664
4331,1026.4278666666664
4332,1026.4278666666664
4333,1026.4278666666664
4334,1026.4278666666664
4335,1026.4278666666664
4336,1026.4278666666664
4337,1026.4278666666664
4338,1026.4278666666664
4339,1026.4278666666664
4340,1026.4278666666664
4341,1026.4278666666664
4342,1026.4278666666664
4343,1026.4278666666664
4344,1026.4278666666664
4345,1026.4278666666664
4346,1026.4278666666664
4347,1026.4278666666664
4348,1026.4278666666664
4349,1026.4278666666664
4350,1026.4278666666664
4351,1026.4278666666664
4352,1026.4278666666664
4353,1026.4278666666664
4354,1026.4278666666664
4355,1026.4278666666664
4356,1026.4278666666664
4357,1026.4278666666664
4358,1026.4278666666664
4359,1026.4278666666664
4360,1026.4278666666664
4361,1026.4278666666664
4362,1026.4278666666664
4363,1026.4278666666664
4364,1026.4278666666664
4365,1026.4278666666664
4366,1026.4278666666664
4367,1026.4278666666664
4368,1026.4278666666664
4369,1026.4278666666664
4370,1026.4278666666664
4371,1026.4278666666664
4372,1026.4278666666664
4373,1026.4278666666664
4374,1026.4278666666664
4375,1026.4278666666664
4376,1026.4278666666664
4377,1026.4278666666664
4378,1026.4278666666664
4379,1026.4278666666664
4380,1026.4278666666664
4381,1026.4278666666664
4382,1026.4278666666664
4383,1026.4278666666664
4384,1026.4278666666664
4385,1026.4278666666664
4386,1026.4278666666664
4387,1026.4278666666664
4388,1026.4278666666664
4389,1026.4278666666664
4390,1026.4278666666664
4391,1026.4278666666664
4392,1026.4278666666664
4393,1026.4278666666664
4394,1026.4278666666664
4395,1026.4278666666664
4396,1026.4278666666664
4397,1026.4278666666664
4398,1026.4278666666664
4399,1026.4278666666664
4400,1026.4278666666664
4401,1026.4278666666664
4402,1026.4278666666664
4403,1026.4278666666664
4404,1026.4278666666664
4405,1026.4278666666664
4406,1026.4278666666664
4407,1026.4278666666664
4408,1026.4278666666664
4409,1026.4278666666664
4410,1026.4278666666664
4411,1026.4278666666664
4412,1026.4278666666664
4413,1026.4278666666664
4414,1026.4278666666664
4415,1026.4278666666664
4416,1026.4278666666664
4417,1026.4278666666664
4418,1026.4278666666664
4419,1026.4278666666664
4420,1026.4278666666664
4421,1026.4278666666664
4422,1026.4278666666664
4423,1026.4278666666664
4424,1026.4278666666664
4425,1026.4278666666664
4426,1026.4278666666664
4427,1026.4278666666664
4428,1026.4278666666664
4429,1026.4278666666664
4430,1026.4278666666664
4431,1026.4278666666664
4432,1026.4278666666664
4433,1026.4278666666664
4434,1026.4278666666664
4435,1026.4278666666664
4436,1026.4278666666664
4437,1026.4278666666664
4438,1026.4278666666664
4439,1026.4278666666664
4440,1026.4278666666664
4441,1026.4278666666664
4442,1026.4278666666664
4443,1026.4278666666664
4444,1026.4278666666664
4445,1026.4278666666664
4446,1026.4278666666664
4447,1026.4278666666664
4448,1026.4278666666664
4449,1026.4278666666664
4450,1026.4278666666664
4451,1026.4278666666664
4452,1026.4278666666664
4453,1026.4278666666664
4454,1026.4278666666664
4455,1026.4278666666664
4456,1026.4278666666664
4457,1026.4278666666664
4458,1026.4278666666664
4459,1026.4278666666664
4460,1026.4278666666664
4461,1026.4278666666664
4462,1026.4278666666664
4463,1026.4278666666664
4464,1026.4278666666664
4465,1026.4278666666664
4466,1026.4278666666664
4467,1026.4278666666664
4468,1026.4278666666664
4469,1026.4278666666664
4470,1026.4278666666664
4471,1026.4278666666664
4472,1026.4278666666664
4473,1026.4278666666664
4474,1026.4278666666664
4475,1026.4278666666664
4476,1026.4278666666664
4477,1026.4278666666664
4478,1026.4278666666664
4479,1026.4278666666664
4480,1026.4278666666664
4481,1026.4278666666664
4482,1026.4278666666664
4483,1026.4278666666664
4484,1026.4278666666664
4485,1026.4278666666664
4486,1026.4278666666664
4487,1026.4278666666664
4488,1026.4278666666664
4489,1026.4278666666664
4490,1026.4278666666664
4491,1026.4278666666664
4492,1026.4278666666664
4493,1026.4278666666664
4494,1026.4278666666664
4495,1026.4278666666664
4496,1026.4278666666664
4497,1026.4278666666664
4498,1026.4278666666664
4499,1026.4278666666664
4500,1026.4278666666664
